,Operator,Network Type,In Out Travelling,State Name,Call Dropped,Satisfactory,Poor Voice Quality
0,Airtel,2G,Indoor,Andhra Pradesh,35.714285714285715,46.42857142857143,17.857142857142858
1,Airtel,2G,Indoor,Assam,0.0,66.66666666666666,33.33333333333333
2,Airtel,2G,Indoor,Bihar,0.0,53.846153846153854,46.153846153846146
3,Airtel,2G,Indoor,Delhi,5.5555555555555545,27.777777777777782,66.66666666666666
4,Airtel,2G,Indoor,Gujarat,2.8169014084507045,88.73239436619718,8.450704225352112
5,Airtel,2G,Indoor,Haryana,3.333333333333333,96.66666666666669,0.0
6,Airtel,2G,Indoor,Himachal Pradesh,75.0,0.0,25.0
7,Airtel,2G,Indoor,Jharkhand,0.0,100.0,0.0
8,Airtel,2G,Indoor,Karnataka,12.871287128712874,31.683168316831683,55.44554455445545
9,Airtel,2G,Indoor,Kashmir,0.0,0.0,100.0
10,Airtel,2G,Indoor,Kerala,0.0,85.71428571428571,14.285714285714285
11,Airtel,2G,Indoor,Madhya Pradesh,33.33333333333333,22.222222222222218,44.444444444444436
12,Airtel,2G,Indoor,Maharashtra,8.0,44.0,48.0
13,Airtel,2G,Indoor,Manipur,0.0,100.0,0.0
14,Airtel,2G,Indoor,Meghalaya,0.0,100.0,0.0
15,Airtel,2G,Indoor,Odisha,26.66666666666667,53.33333333333334,20.0
16,Airtel,2G,Indoor,Punjab,0.0,100.0,0.0
17,Airtel,2G,Indoor,Rajasthan,100.0,0.0,0.0
18,Airtel,2G,Indoor,Sikkim,14.285714285714285,0.0,85.71428571428571
19,Airtel,2G,Indoor,Tamil Nadu,15.625,46.875,37.5
20,Airtel,2G,Indoor,Telangana,22.58064516129032,24.731182795698924,52.68817204301075
21,Airtel,2G,Indoor,Uttar Pradesh,9.70873786407767,32.03883495145632,58.25242718446602
22,Airtel,2G,Indoor,Uttarakhand,25.75757575757576,1.5151515151515151,72.72727272727273
23,Airtel,2G,Indoor,West Bengal,7.6923076923076925,61.53846153846154,30.76923076923077
24,Airtel,2G,Outdoor,Andhra Pradesh,14.000000000000002,16.0,70.0
25,Airtel,2G,Outdoor,Bihar,0.0,82.85714285714286,17.142857142857142
26,Airtel,2G,Outdoor,Chattisgarh,91.66666666666666,8.333333333333332,0.0
27,Airtel,2G,Outdoor,Delhi,0.0,33.33333333333333,66.66666666666666
28,Airtel,2G,Outdoor,Gujarat,0.0,70.0,30.0
29,Airtel,2G,Outdoor,Haryana,28.57142857142857,14.285714285714285,57.14285714285714
30,Airtel,2G,Outdoor,Himachal Pradesh,0.0,75.0,25.0
31,Airtel,2G,Outdoor,Jharkhand,0.0,25.0,75.0
32,Airtel,2G,Outdoor,Karnataka,25.0,29.16666666666667,45.83333333333333
33,Airtel,2G,Outdoor,Kashmir,0.0,0.0,100.0
34,Airtel,2G,Outdoor,Kerala,16.666666666666664,66.66666666666666,16.666666666666664
35,Airtel,2G,Outdoor,Madhya Pradesh,80.0,20.0,0.0
36,Airtel,2G,Outdoor,Maharashtra,21.428571428571427,25.0,53.57142857142857
37,Airtel,2G,Outdoor,Odisha,0.0,66.66666666666666,33.33333333333333
38,Airtel,2G,Outdoor,Punjab,75.0,25.0,0.0
39,Airtel,2G,Outdoor,Rajasthan,0.0,55.555555555555564,44.444444444444436
40,Airtel,2G,Outdoor,Tamil Nadu,27.27272727272727,54.54545454545454,18.181818181818183
41,Airtel,2G,Outdoor,Telangana,14.285714285714285,43.75,41.964285714285715
42,Airtel,2G,Outdoor,Uttar Pradesh,8.433734939759036,15.662650602409641,75.90361445783131
43,Airtel,2G,Outdoor,Uttarakhand,23.07692307692308,0.0,76.92307692307693
44,Airtel,2G,Outdoor,West Bengal,0.0,72.72727272727273,27.27272727272727
45,Airtel,2G,Travelling,Andhra Pradesh,28.57142857142857,4.761904761904762,66.66666666666666
46,Airtel,2G,Travelling,Bihar,25.0,25.0,50.0
47,Airtel,2G,Travelling,Chattisgarh,100.0,0.0,0.0
48,Airtel,2G,Travelling,Delhi,28.57142857142857,14.285714285714285,57.14285714285714
49,Airtel,2G,Travelling,Gujarat,14.285714285714285,71.42857142857143,14.285714285714285
50,Airtel,2G,Travelling,Haryana,0.0,50.0,50.0
51,Airtel,2G,Travelling,Himachal Pradesh,0.0,100.0,0.0
52,Airtel,2G,Travelling,Jharkhand,28.57142857142857,0.0,71.42857142857143
53,Airtel,2G,Travelling,Karnataka,22.72727272727273,27.27272727272727,50.0
54,Airtel,2G,Travelling,Kerala,100.0,0.0,0.0
55,Airtel,2G,Travelling,Madhya Pradesh,50.0,25.0,25.0
56,Airtel,2G,Travelling,Maharashtra,17.647058823529417,52.941176470588246,29.411764705882355
57,Airtel,2G,Travelling,Odisha,33.33333333333333,0.0,66.66666666666666
58,Airtel,2G,Travelling,Punjab,0.0,80.0,20.0
59,Airtel,2G,Travelling,Rajasthan,0.0,75.0,25.0
60,Airtel,2G,Travelling,Tamil Nadu,0.0,100.0,0.0
61,Airtel,2G,Travelling,Telangana,24.13793103448276,34.48275862068966,41.379310344827594
62,Airtel,2G,Travelling,Uttar Pradesh,28.57142857142857,19.047619047619047,52.38095238095239
63,Airtel,2G,Travelling,Uttarakhand,33.33333333333333,33.33333333333333,33.33333333333333
64,Airtel,2G,Travelling,West Bengal,0.0,75.0,25.0
65,Airtel,3G,Indoor,Andaman and Nicobar Islands,100.0,0.0,0.0
66,Airtel,3G,Indoor,Andhra Pradesh,4.040404040404041,86.86868686868686,9.090909090909092
67,Airtel,3G,Indoor,Assam,0.0,100.0,0.0
68,Airtel,3G,Indoor,Bihar,2.684563758389262,81.87919463087249,15.436241610738255
69,Airtel,3G,Indoor,Chandigarh,50.0,50.0,0.0
70,Airtel,3G,Indoor,Chattisgarh,15.0,20.0,65.0
71,Airtel,3G,Indoor,Delhi,20.239880059970005,25.187406296851567,54.572713643178396
72,Airtel,3G,Indoor,Gujarat,6.7061143984220895,81.4595660749507,11.83431952662722
73,Airtel,3G,Indoor,Haryana,17.24137931034483,61.379310344827594,21.379310344827584
74,Airtel,3G,Indoor,Himachal Pradesh,50.0,0.0,50.0
75,Airtel,3G,Indoor,Jharkhand,27.90697674418605,41.860465116279066,30.232558139534877
76,Airtel,3G,Indoor,Karnataka,12.47443762781186,70.96114519427404,16.56441717791411
77,Airtel,3G,Indoor,Kashmir,0.0,66.66666666666666,33.33333333333333
78,Airtel,3G,Indoor,Kerala,8.695652173913043,86.95652173913044,4.3478260869565215
79,Airtel,3G,Indoor,Madhya Pradesh,3.636363636363636,87.27272727272727,9.090909090909092
80,Airtel,3G,Indoor,Maharashtra,10.425531914893618,49.361702127659576,40.21276595744681
81,Airtel,3G,Indoor,Meghalaya,0.0,100.0,0.0
82,Airtel,3G,Indoor,Odisha,16.666666666666664,50.0,33.33333333333333
83,Airtel,3G,Indoor,Pondicherry,25.0,0.0,75.0
84,Airtel,3G,Indoor,Punjab,0.0,40.0,60.0
85,Airtel,3G,Indoor,Rajasthan,16.363636363636363,65.45454545454545,18.181818181818183
86,Airtel,3G,Indoor,Tamil Nadu,15.94488188976378,47.834645669291326,36.22047244094488
87,Airtel,3G,Indoor,Telangana,9.826589595375722,39.30635838150289,50.86705202312139
88,Airtel,3G,Indoor,Uttar Pradesh,8.943089430894311,59.95934959349594,31.09756097560976
89,Airtel,3G,Indoor,Uttarakhand,27.98913043478261,14.402173913043477,57.60869565217392
90,Airtel,3G,Indoor,West Bengal,5.357142857142857,86.30952380952381,8.333333333333332
91,Airtel,3G,Outdoor,Andhra Pradesh,9.677419354838712,41.935483870967744,48.387096774193544
92,Airtel,3G,Outdoor,Assam,0.0,25.0,75.0
93,Airtel,3G,Outdoor,Bihar,3.9735099337748343,78.80794701986757,17.218543046357613
94,Airtel,3G,Outdoor,Chandigarh,0.0,100.0,0.0
95,Airtel,3G,Outdoor,Chattisgarh,0.0,66.66666666666666,33.33333333333333
96,Airtel,3G,Outdoor,Delhi,4.0,20.44444444444445,75.55555555555556
97,Airtel,3G,Outdoor,Gujarat,6.578947368421053,78.94736842105263,14.473684210526313
98,Airtel,3G,Outdoor,Haryana,7.0175438596491215,71.9298245614035,21.052631578947366
99,Airtel,3G,Outdoor,Himachal Pradesh,0.0,45.45454545454545,54.54545454545454
100,Airtel,3G,Outdoor,Jharkhand,29.268292682926827,9.75609756097561,60.97560975609756
101,Airtel,3G,Outdoor,Karnataka,9.411764705882351,39.607843137254896,50.98039215686275
102,Airtel,3G,Outdoor,Kashmir,100.0,0.0,0.0
103,Airtel,3G,Outdoor,Kerala,4.166666666666666,91.66666666666666,4.166666666666666
104,Airtel,3G,Outdoor,Madhya Pradesh,0.0,90.0,10.0
105,Airtel,3G,Outdoor,Maharashtra,1.9841269841269842,77.38095238095238,20.634920634920636
106,Airtel,3G,Outdoor,Odisha,0.0,93.54838709677419,6.451612903225807
107,Airtel,3G,Outdoor,Punjab,10.526315789473683,5.263157894736842,84.21052631578947
108,Airtel,3G,Outdoor,Rajasthan,4.615384615384616,23.07692307692308,72.30769230769229
109,Airtel,3G,Outdoor,Sikkim,50.0,50.0,0.0
110,Airtel,3G,Outdoor,Tamil Nadu,14.601769911504427,66.8141592920354,18.584070796460182
111,Airtel,3G,Outdoor,Telangana,12.44813278008299,19.91701244813278,67.63485477178423
112,Airtel,3G,Outdoor,Tripura,0.0,9.523809523809524,90.4761904761905
113,Airtel,3G,Outdoor,Uttar Pradesh,3.2352941176470598,46.764705882352935,50.0
114,Airtel,3G,Outdoor,Uttarakhand,35.864978902953595,9.70464135021097,54.43037974683544
115,Airtel,3G,Outdoor,West Bengal,4.761904761904762,76.19047619047619,19.047619047619047
116,Airtel,3G,Travelling,Andhra Pradesh,21.27659574468085,36.17021276595745,42.5531914893617
117,Airtel,3G,Travelling,Assam,0.0,66.66666666666666,33.33333333333333
118,Airtel,3G,Travelling,Bihar,9.523809523809524,61.904761904761905,28.57142857142857
119,Airtel,3G,Travelling,Chandigarh,33.33333333333333,33.33333333333333,33.33333333333333
120,Airtel,3G,Travelling,Chattisgarh,0.0,66.66666666666666,33.33333333333333
121,Airtel,3G,Travelling,Delhi,18.666666666666668,45.33333333333333,36.0
122,Airtel,3G,Travelling,Gujarat,21.052631578947366,71.05263157894737,7.894736842105262
123,Airtel,3G,Travelling,Haryana,20.833333333333336,70.83333333333334,8.333333333333332
124,Airtel,3G,Travelling,Himachal Pradesh,0.0,87.5,12.5
125,Airtel,3G,Travelling,Jharkhand,25.0,12.5,62.5
126,Airtel,3G,Travelling,Karnataka,12.162162162162163,50.0,37.837837837837846
127,Airtel,3G,Travelling,Kerala,25.0,50.0,25.0
128,Airtel,3G,Travelling,Madhya Pradesh,0.0,62.5,37.5
129,Airtel,3G,Travelling,Maharashtra,1.9480519480519483,87.01298701298703,11.03896103896104
130,Airtel,3G,Travelling,Meghalaya,0.0,100.0,0.0
131,Airtel,3G,Travelling,Odisha,0.0,84.61538461538461,15.384615384615385
132,Airtel,3G,Travelling,Punjab,0.0,89.13043478260867,10.869565217391305
133,Airtel,3G,Travelling,Rajasthan,2.4390243902439024,87.8048780487805,9.75609756097561
134,Airtel,3G,Travelling,Tamil Nadu,2.247191011235955,68.53932584269663,29.21348314606741
135,Airtel,3G,Travelling,Telangana,5.05050505050505,53.535353535353536,41.414141414141405
136,Airtel,3G,Travelling,Tripura,0.0,18.75,81.25
137,Airtel,3G,Travelling,Uttar Pradesh,11.965811965811966,48.29059829059829,39.74358974358975
138,Airtel,3G,Travelling,Uttarakhand,1.5151515151515151,80.3030303030303,18.181818181818183
139,Airtel,3G,Travelling,West Bengal,5.0,60.0,35.0
140,Airtel,4G,Indoor,Andhra Pradesh,8.995633187772926,81.04803493449782,9.956331877729257
141,Airtel,4G,Indoor,Assam,11.111111111111109,72.2222222222222,16.666666666666664
142,Airtel,4G,Indoor,Bihar,5.515587529976019,83.45323741007195,11.031175059952037
143,Airtel,4G,Indoor,Chandigarh,18.918918918918923,18.918918918918923,62.16216216216216
144,Airtel,4G,Indoor,Chattisgarh,2.1582733812949644,76.97841726618705,20.863309352517987
145,Airtel,4G,Indoor,Daman and Diu,0.0,100.0,0.0
146,Airtel,4G,Indoor,Delhi,17.122186495176848,34.485530546623785,48.39228295819936
147,Airtel,4G,Indoor,Goa,11.111111111111109,0.0,88.8888888888889
148,Airtel,4G,Indoor,Gujarat,5.180840664711632,87.29227761485826,7.526881720430107
149,Airtel,4G,Indoor,Haryana,7.592190889370933,81.34490238611714,11.062906724511931
150,Airtel,4G,Indoor,Himachal Pradesh,39.285714285714285,25.0,35.714285714285715
151,Airtel,4G,Indoor,Jharkhand,9.392265193370166,79.00552486187846,11.602209944751381
152,Airtel,4G,Indoor,Karnataka,15.80547112462006,69.30091185410336,14.893617021276595
153,Airtel,4G,Indoor,Kashmir,0.0,0.0,100.0
154,Airtel,4G,Indoor,Kerala,5.063291139240507,86.0759493670886,8.860759493670884
155,Airtel,4G,Indoor,Madhya Pradesh,5.9561128526645755,78.99686520376177,15.047021943573668
156,Airtel,4G,Indoor,Maharashtra,7.1563088512241055,76.15819209039549,16.68549905838041
157,Airtel,4G,Indoor,Manipur,0.0,100.0,0.0
158,Airtel,4G,Indoor,Meghalaya,0.0,100.0,0.0
159,Airtel,4G,Indoor,Nagaland,0.0,100.0,0.0
160,Airtel,4G,Indoor,Odisha,91.22807017543859,3.1578947368421053,5.614035087719297
161,Airtel,4G,Indoor,Pondicherry,0.0,81.81818181818183,18.181818181818183
162,Airtel,4G,Indoor,Punjab,7.086614173228346,75.1968503937008,17.716535433070867
163,Airtel,4G,Indoor,Rajasthan,5.782312925170068,78.45804988662131,15.759637188208616
164,Airtel,4G,Indoor,Tamil Nadu,6.713078070611637,79.0154152163103,14.27150671307807
165,Airtel,4G,Indoor,Telangana,8.299096138044371,71.98027937551356,19.72062448644207
166,Airtel,4G,Indoor,Uttar Pradesh,7.078507078507079,62.93436293436292,29.987129987129983
167,Airtel,4G,Indoor,Uttarakhand,16.155419222903888,55.623721881390594,28.22085889570552
168,Airtel,4G,Indoor,West Bengal,5.569782330345711,87.00384122919334,7.426376440460948
169,Airtel,4G,Outdoor,Andhra Pradesh,8.270676691729323,60.15037593984962,31.578947368421048
170,Airtel,4G,Outdoor,Assam,28.57142857142857,14.285714285714285,57.14285714285714
171,Airtel,4G,Outdoor,Bihar,2.043596730245232,71.5258855585831,26.430517711171664
172,Airtel,4G,Outdoor,Chandigarh,10.0,70.0,20.0
173,Airtel,4G,Outdoor,Chattisgarh,4.838709677419356,85.48387096774194,9.677419354838712
174,Airtel,4G,Outdoor,Delhi,4.097035040431267,16.549865229110512,79.35309973045823
175,Airtel,4G,Outdoor,Goa,28.57142857142857,0.0,71.42857142857143
176,Airtel,4G,Outdoor,Gujarat,5.895196506550218,79.91266375545851,14.192139737991265
177,Airtel,4G,Outdoor,Haryana,17.045454545454547,62.78409090909091,20.170454545454547
178,Airtel,4G,Outdoor,Himachal Pradesh,15.789473684210524,51.31578947368421,32.89473684210527
179,Airtel,4G,Outdoor,Jharkhand,17.307692307692307,25.0,57.69230769230769
180,Airtel,4G,Outdoor,Karnataka,9.83754512635379,63.989169675090245,26.17328519855596
181,Airtel,4G,Outdoor,Kerala,3.6931818181818175,94.0340909090909,2.272727272727273
182,Airtel,4G,Outdoor,Madhya Pradesh,14.705882352941178,41.17647058823529,44.11764705882353
183,Airtel,4G,Outdoor,Maharashtra,3.725490196078432,81.86274509803921,14.411764705882351
184,Airtel,4G,Outdoor,Meghalaya,16.666666666666664,5.5555555555555545,77.7777777777778
185,Airtel,4G,Outdoor,Odisha,2.061855670103093,86.59793814432992,11.340206185567009
186,Airtel,4G,Outdoor,Pondicherry,0.0,100.0,0.0
187,Airtel,4G,Outdoor,Punjab,43.15789473684211,27.89473684210526,28.947368421052637
188,Airtel,4G,Outdoor,Rajasthan,5.405405405405406,24.324324324324326,70.27027027027027
189,Airtel,4G,Outdoor,Tamil Nadu,6.70391061452514,74.86033519553072,18.435754189944134
190,Airtel,4G,Outdoor,Telangana,23.634881825590874,36.91931540342298,39.44580277098614
191,Airtel,4G,Outdoor,Tripura,0.0,20.0,80.0
192,Airtel,4G,Outdoor,Uttar Pradesh,6.697819314641744,46.72897196261682,46.57320872274144
193,Airtel,4G,Outdoor,Uttarakhand,17.35159817351598,38.58447488584475,44.06392694063928
194,Airtel,4G,Outdoor,West Bengal,4.864864864864865,83.42342342342343,11.711711711711711
195,Airtel,4G,Travelling,Andhra Pradesh,6.482758620689656,12.0,81.51724137931033
196,Airtel,4G,Travelling,Assam,0.0,100.0,0.0
197,Airtel,4G,Travelling,Bihar,7.981220657276995,57.74647887323944,34.27230046948357
198,Airtel,4G,Travelling,Chandigarh,2.631578947368421,2.631578947368421,94.73684210526315
199,Airtel,4G,Travelling,Chattisgarh,1.3888888888888888,91.66666666666666,6.9444444444444455
200,Airtel,4G,Travelling,Delhi,6.3509149623250805,75.78040904198063,17.868675995694293
201,Airtel,4G,Travelling,Goa,100.0,0.0,0.0
202,Airtel,4G,Travelling,Gujarat,3.1674208144796383,93.96681749622923,2.865761689291101
203,Airtel,4G,Travelling,Haryana,5.0,80.45454545454545,14.545454545454545
204,Airtel,4G,Travelling,Himachal Pradesh,0.0,96.77419354838709,3.2258064516129035
205,Airtel,4G,Travelling,Jharkhand,21.428571428571427,50.0,28.57142857142857
206,Airtel,4G,Travelling,Karnataka,10.569105691056912,45.20325203252033,44.227642276422756
207,Airtel,4G,Travelling,Kerala,2.010050251256281,95.47738693467336,2.512562814070352
208,Airtel,4G,Travelling,Madhya Pradesh,2.8169014084507045,77.46478873239437,19.718309859154925
209,Airtel,4G,Travelling,Maharashtra,1.7790262172284643,88.67041198501873,9.550561797752808
210,Airtel,4G,Travelling,Meghalaya,0.0,100.0,0.0
211,Airtel,4G,Travelling,Odisha,22.72727272727273,68.18181818181817,9.090909090909092
212,Airtel,4G,Travelling,Punjab,0.8156606851549755,6.1990212071778155,92.9853181076672
213,Airtel,4G,Travelling,Rajasthan,3.153153153153153,78.82882882882883,18.01801801801802
214,Airtel,4G,Travelling,Tamil Nadu,8.24742268041237,76.6323024054983,15.120274914089348
215,Airtel,4G,Travelling,Telangana,3.5190615835777126,41.20234604105572,55.278592375366564
216,Airtel,4G,Travelling,Tripura,0.0,30.0,70.0
217,Airtel,4G,Travelling,Uttar Pradesh,12.324929971988794,61.344537815126046,26.33053221288516
218,Airtel,4G,Travelling,Uttarakhand,0.4878048780487805,95.60975609756098,3.902439024390244
219,Airtel,4G,Travelling,West Bengal,5.641025641025642,71.28205128205127,23.07692307692308
220,BSNL,2G,Indoor,Andaman and Nicobar Islands,0.0,91.66666666666666,8.333333333333332
221,BSNL,2G,Indoor,Andhra Pradesh,5.563282336578583,92.35048678720446,2.086230876216968
222,BSNL,2G,Indoor,Bihar,0.0,11.111111111111109,88.8888888888889
223,BSNL,2G,Indoor,Chattisgarh,8.571428571428571,77.14285714285717,14.285714285714285
224,BSNL,2G,Indoor,Gujarat,35.29411764705883,52.941176470588246,11.764705882352938
225,BSNL,2G,Indoor,Jharkhand,16.666666666666664,0.0,83.33333333333334
226,BSNL,2G,Indoor,Karnataka,8.433734939759036,71.68674698795179,19.87951807228916
227,BSNL,2G,Indoor,Kerala,3.4161490683229814,62.732919254658384,33.85093167701863
228,BSNL,2G,Indoor,Madhya Pradesh,0.0,70.0,30.0
229,BSNL,2G,Indoor,Maharashtra,6.593406593406594,84.61538461538461,8.791208791208794
230,BSNL,2G,Indoor,Manipur,0.0,100.0,0.0
231,BSNL,2G,Indoor,Odisha,13.043478260869565,41.30434782608695,45.65217391304348
232,BSNL,2G,Indoor,Punjab,0.0,42.857142857142854,57.14285714285714
233,BSNL,2G,Indoor,Rajasthan,5.882352941176469,88.23529411764706,5.882352941176469
234,BSNL,2G,Indoor,Tamil Nadu,7.5,50.0,42.5
235,BSNL,2G,Indoor,Telangana,1.7948717948717947,92.56410256410255,5.641025641025642
236,BSNL,2G,Indoor,Uttar Pradesh,0.0,72.72727272727273,27.27272727272727
237,BSNL,2G,Indoor,Uttarakhand,11.764705882352938,17.647058823529417,70.58823529411767
238,BSNL,2G,Indoor,West Bengal,4.545454545454546,48.701298701298704,46.75324675324675
239,BSNL,2G,Outdoor,Andaman and Nicobar Islands,27.27272727272727,63.63636363636363,9.090909090909092
240,BSNL,2G,Outdoor,Andhra Pradesh,25.0,50.0,25.0
241,BSNL,2G,Outdoor,Bihar,0.0,33.33333333333333,66.66666666666666
242,BSNL,2G,Outdoor,Chattisgarh,0.0,0.0,100.0
243,BSNL,2G,Outdoor,Gujarat,0.0,42.857142857142854,57.14285714285714
244,BSNL,2G,Outdoor,Himachal Pradesh,0.0,0.0,100.0
245,BSNL,2G,Outdoor,Jharkhand,0.0,30.303030303030305,69.6969696969697
246,BSNL,2G,Outdoor,Karnataka,4.205607476635514,91.58878504672896,4.205607476635514
247,BSNL,2G,Outdoor,Kerala,6.896551724137932,65.51724137931035,27.58620689655172
248,BSNL,2G,Outdoor,Madhya Pradesh,0.0,50.0,50.0
249,BSNL,2G,Outdoor,Maharashtra,0.0,100.0,0.0
250,BSNL,2G,Outdoor,Odisha,0.0,66.66666666666666,33.33333333333333
251,BSNL,2G,Outdoor,Punjab,0.0,5.0,95.0
252,BSNL,2G,Outdoor,Rajasthan,9.523809523809524,90.4761904761905,0.0
253,BSNL,2G,Outdoor,Tamil Nadu,0.0,75.0,25.0
254,BSNL,2G,Outdoor,Telangana,4.705882352941177,94.11764705882351,1.1764705882352942
255,BSNL,2G,Outdoor,Uttar Pradesh,0.0,100.0,0.0
256,BSNL,2G,Outdoor,Uttarakhand,0.0,14.285714285714285,85.71428571428571
257,BSNL,2G,Outdoor,West Bengal,3.669724770642202,7.339449541284404,88.9908256880734
258,BSNL,2G,Travelling,Andaman and Nicobar Islands,25.0,75.0,0.0
259,BSNL,2G,Travelling,Andhra Pradesh,9.090909090909092,72.72727272727273,18.181818181818183
260,BSNL,2G,Travelling,Assam,0.0,100.0,0.0
261,BSNL,2G,Travelling,Chattisgarh,0.0,0.0,100.0
262,BSNL,2G,Travelling,Gujarat,0.0,66.66666666666666,33.33333333333333
263,BSNL,2G,Travelling,Haryana,0.0,100.0,0.0
264,BSNL,2G,Travelling,Jharkhand,0.0,78.26086956521739,21.73913043478261
265,BSNL,2G,Travelling,Karnataka,33.33333333333333,33.33333333333333,33.33333333333333
266,BSNL,2G,Travelling,Kerala,4.3478260869565215,82.6086956521739,13.043478260869565
267,BSNL,2G,Travelling,Madhya Pradesh,0.0,100.0,0.0
268,BSNL,2G,Travelling,Maharashtra,12.0,82.0,6.0
269,BSNL,2G,Travelling,Manipur,0.0,100.0,0.0
270,BSNL,2G,Travelling,Odisha,0.0,100.0,0.0
271,BSNL,2G,Travelling,Tamil Nadu,0.0,100.0,0.0
272,BSNL,2G,Travelling,Telangana,6.896551724137932,79.3103448275862,13.79310344827586
273,BSNL,2G,Travelling,Uttar Pradesh,0.0,66.66666666666666,33.33333333333333
274,BSNL,2G,Travelling,Uttarakhand,0.0,0.0,100.0
275,BSNL,2G,Travelling,West Bengal,4.166666666666666,8.333333333333332,87.5
276,BSNL,3G,Indoor,Andaman and Nicobar Islands,11.764705882352938,17.647058823529417,70.58823529411767
277,BSNL,3G,Indoor,Andhra Pradesh,5.326876513317192,90.79903147699758,3.87409200968523
278,BSNL,3G,Indoor,Assam,0.0,0.0,100.0
279,BSNL,3G,Indoor,Chattisgarh,25.0,16.666666666666664,58.33333333333334
280,BSNL,3G,Indoor,Delhi,0.0,50.0,50.0
281,BSNL,3G,Indoor,Gujarat,81.55339805825244,13.106796116504855,5.339805825242718
282,BSNL,3G,Indoor,Himachal Pradesh,0.0,44.444444444444436,55.555555555555564
283,BSNL,3G,Indoor,Jharkhand,0.0,0.0,100.0
284,BSNL,3G,Indoor,Karnataka,14.64968152866242,49.68152866242039,35.668789808917204
285,BSNL,3G,Indoor,Kerala,0.7067137809187279,45.58303886925796,53.710247349823334
286,BSNL,3G,Indoor,Madhya Pradesh,0.9803921568627452,72.54901960784314,26.470588235294123
287,BSNL,3G,Indoor,Maharashtra,7.289002557544758,86.44501278772378,6.265984654731457
288,BSNL,3G,Indoor,Manipur,0.0,100.0,0.0
289,BSNL,3G,Indoor,Odisha,8.333333333333332,62.5,29.16666666666667
290,BSNL,3G,Indoor,Pondicherry,0.0,0.0,100.0
291,BSNL,3G,Indoor,Punjab,0.7042253521126761,99.2957746478873,0.0
292,BSNL,3G,Indoor,Rajasthan,4.166666666666666,75.0,20.833333333333336
293,BSNL,3G,Indoor,Tamil Nadu,7.456140350877192,82.89473684210526,9.649122807017543
294,BSNL,3G,Indoor,Telangana,1.8842530282637957,95.02018842530285,3.0955585464333777
295,BSNL,3G,Indoor,Uttar Pradesh,15.789473684210524,73.68421052631578,10.526315789473683
296,BSNL,3G,Indoor,Uttarakhand,42.857142857142854,42.857142857142854,14.285714285714285
297,BSNL,3G,Indoor,West Bengal,2.1857923497267757,75.40983606557377,22.404371584699454
298,BSNL,3G,Outdoor,Andaman and Nicobar Islands,80.0,20.0,0.0
299,BSNL,3G,Outdoor,Andhra Pradesh,28.125,28.125,43.75
300,BSNL,3G,Outdoor,Chattisgarh,12.5,12.5,75.0
301,BSNL,3G,Outdoor,Delhi,100.0,0.0,0.0
302,BSNL,3G,Outdoor,Gujarat,22.222222222222218,50.0,27.777777777777782
303,BSNL,3G,Outdoor,Haryana,0.0,100.0,0.0
304,BSNL,3G,Outdoor,Himachal Pradesh,0.0,100.0,0.0
305,BSNL,3G,Outdoor,Jharkhand,8.108108108108109,18.918918918918923,72.97297297297297
306,BSNL,3G,Outdoor,Karnataka,4.3478260869565215,63.76811594202898,31.88405797101449
307,BSNL,3G,Outdoor,Kerala,3.4482758620689653,96.55172413793105,0.0
308,BSNL,3G,Outdoor,Madhya Pradesh,100.0,0.0,0.0
309,BSNL,3G,Outdoor,Maharashtra,1.0869565217391304,92.3913043478261,6.521739130434782
310,BSNL,3G,Outdoor,Odisha,0.0,87.09677419354837,12.903225806451614
311,BSNL,3G,Outdoor,Punjab,0.0,89.47368421052632,10.526315789473683
312,BSNL,3G,Outdoor,Rajasthan,0.0,97.2972972972973,2.702702702702702
313,BSNL,3G,Outdoor,Tamil Nadu,5.0,71.66666666666667,23.33333333333333
314,BSNL,3G,Outdoor,Telangana,0.7194244604316548,96.40287769784172,2.8776978417266186
315,BSNL,3G,Outdoor,Uttar Pradesh,5.5555555555555545,77.7777777777778,16.666666666666664
316,BSNL,3G,Outdoor,Uttarakhand,8.333333333333332,8.333333333333332,83.33333333333334
317,BSNL,3G,Outdoor,West Bengal,2.42914979757085,11.740890688259109,85.82995951417004
318,BSNL,3G,Travelling,Andaman and Nicobar Islands,33.33333333333333,0.0,66.66666666666666
319,BSNL,3G,Travelling,Andhra Pradesh,25.0,50.0,25.0
320,BSNL,3G,Travelling,Chattisgarh,0.0,50.0,50.0
321,BSNL,3G,Travelling,Gujarat,9.090909090909092,72.72727272727273,18.181818181818183
322,BSNL,3G,Travelling,Haryana,0.0,66.66666666666666,33.33333333333333
323,BSNL,3G,Travelling,Himachal Pradesh,0.0,0.0,100.0
324,BSNL,3G,Travelling,Jharkhand,0.0,58.97435897435898,41.02564102564102
325,BSNL,3G,Travelling,Karnataka,1.9230769230769231,76.92307692307693,21.153846153846157
326,BSNL,3G,Travelling,Kerala,12.5,87.5,0.0
327,BSNL,3G,Travelling,Madhya Pradesh,0.0,100.0,0.0
328,BSNL,3G,Travelling,Maharashtra,3.7135278514588856,91.24668435013264,5.039787798408488
329,BSNL,3G,Travelling,Manipur,0.0,100.0,0.0
330,BSNL,3G,Travelling,Odisha,12.5,50.0,37.5
331,BSNL,3G,Travelling,Pondicherry,0.0,0.0,100.0
332,BSNL,3G,Travelling,Punjab,10.0,90.0,0.0
333,BSNL,3G,Travelling,Rajasthan,0.0,75.0,25.0
334,BSNL,3G,Travelling,Tamil Nadu,22.222222222222218,55.555555555555564,22.222222222222218
335,BSNL,3G,Travelling,Telangana,14.893617021276595,72.3404255319149,12.76595744680851
336,BSNL,3G,Travelling,Uttar Pradesh,0.0,64.70588235294117,35.29411764705883
337,BSNL,3G,Travelling,Uttarakhand,0.0,20.0,80.0
338,BSNL,3G,Travelling,West Bengal,13.636363636363635,13.636363636363635,72.72727272727273
339,BSNL,4G,Indoor,Andaman and Nicobar Islands,0.0,0.0,100.0
340,BSNL,4G,Indoor,Andhra Pradesh,2.7472527472527477,95.05494505494505,2.1978021978021984
341,BSNL,4G,Indoor,Bihar,35.714285714285715,21.428571428571427,42.857142857142854
342,BSNL,4G,Indoor,Chattisgarh,50.0,25.0,25.0
343,BSNL,4G,Indoor,Gujarat,5.6603773584905674,79.24528301886792,15.094339622641508
344,BSNL,4G,Indoor,Haryana,10.0,60.0,30.0
345,BSNL,4G,Indoor,Jharkhand,0.0,100.0,0.0
346,BSNL,4G,Indoor,Karnataka,0.0,100.0,0.0
347,BSNL,4G,Indoor,Kerala,4.10958904109589,83.56164383561644,12.32876712328767
348,BSNL,4G,Indoor,Madhya Pradesh,14.285714285714285,80.95238095238095,4.761904761904762
349,BSNL,4G,Indoor,Maharashtra,6.779661016949151,75.42372881355931,17.796610169491522
350,BSNL,4G,Indoor,Odisha,60.0,20.0,20.0
351,BSNL,4G,Indoor,Punjab,16.666666666666664,41.66666666666667,41.66666666666667
352,BSNL,4G,Indoor,Rajasthan,15.384615384615385,30.76923076923077,53.846153846153854
353,BSNL,4G,Indoor,Tamil Nadu,0.8771929824561403,92.10526315789473,7.0175438596491215
354,BSNL,4G,Indoor,Telangana,8.0,36.0,56.00000000000001
355,BSNL,4G,Indoor,Uttar Pradesh,25.0,0.0,75.0
356,BSNL,4G,Indoor,West Bengal,5.405405405405406,83.7837837837838,10.810810810810812
357,BSNL,4G,Outdoor,Andaman and Nicobar Islands,0.0,100.0,0.0
358,BSNL,4G,Outdoor,Andhra Pradesh,0.0,75.0,25.0
359,BSNL,4G,Outdoor,Assam,0.0,100.0,0.0
360,BSNL,4G,Outdoor,Bihar,0.0,100.0,0.0
361,BSNL,4G,Outdoor,Chattisgarh,0.0,50.0,50.0
362,BSNL,4G,Outdoor,Gujarat,2.2058823529411766,91.91176470588236,5.882352941176469
363,BSNL,4G,Outdoor,Haryana,0.0,100.0,0.0
364,BSNL,4G,Outdoor,Karnataka,0.0,60.0,40.0
365,BSNL,4G,Outdoor,Kerala,0.0,90.4761904761905,9.523809523809524
366,BSNL,4G,Outdoor,Madhya Pradesh,16.666666666666664,83.33333333333334,0.0
367,BSNL,4G,Outdoor,Maharashtra,5.882352941176469,76.47058823529412,17.647058823529417
368,BSNL,4G,Outdoor,Odisha,0.0,100.0,0.0
369,BSNL,4G,Outdoor,Pondicherry,0.0,100.0,0.0
370,BSNL,4G,Outdoor,Punjab,100.0,0.0,0.0
371,BSNL,4G,Outdoor,Rajasthan,22.222222222222218,22.222222222222218,55.555555555555564
372,BSNL,4G,Outdoor,Tamil Nadu,1.5384615384615383,89.23076923076924,9.230769230769232
373,BSNL,4G,Outdoor,Telangana,16.666666666666664,33.33333333333333,50.0
374,BSNL,4G,Outdoor,Uttar Pradesh,37.5,25.0,37.5
375,BSNL,4G,Outdoor,Uttarakhand,0.0,42.857142857142854,57.14285714285714
376,BSNL,4G,Outdoor,West Bengal,0.0,93.75,6.25
377,BSNL,4G,Travelling,Andaman and Nicobar Islands,0.0,0.0,100.0
378,BSNL,4G,Travelling,Andhra Pradesh,2.4390243902439024,92.6829268292683,4.878048780487805
379,BSNL,4G,Travelling,Bihar,33.33333333333333,0.0,66.66666666666666
380,BSNL,4G,Travelling,Chattisgarh,0.0,100.0,0.0
381,BSNL,4G,Travelling,Gujarat,0.0,66.66666666666666,33.33333333333333
382,BSNL,4G,Travelling,Haryana,42.857142857142854,14.285714285714285,42.857142857142854
383,BSNL,4G,Travelling,Jharkhand,0.0,100.0,0.0
384,BSNL,4G,Travelling,Karnataka,0.0,100.0,0.0
385,BSNL,4G,Travelling,Kerala,0.0,83.33333333333334,16.666666666666664
386,BSNL,4G,Travelling,Madhya Pradesh,0.0,72.72727272727273,27.27272727272727
387,BSNL,4G,Travelling,Maharashtra,2.083333333333333,87.5,10.416666666666668
388,BSNL,4G,Travelling,Manipur,0.0,100.0,0.0
389,BSNL,4G,Travelling,Punjab,0.0,50.0,50.0
390,BSNL,4G,Travelling,Rajasthan,0.0,85.71428571428571,14.285714285714285
391,BSNL,4G,Travelling,Tamil Nadu,0.0,61.53846153846154,38.46153846153847
392,BSNL,4G,Travelling,Telangana,0.0,71.42857142857143,28.57142857142857
393,BSNL,4G,Travelling,Uttar Pradesh,18.181818181818183,63.63636363636363,18.181818181818183
394,BSNL,4G,Travelling,Uttarakhand,0.0,50.0,50.0
395,BSNL,4G,Travelling,West Bengal,0.0,100.0,0.0
396,Idea,2G,Indoor,Bihar,100.0,0.0,0.0
397,Idea,2G,Indoor,Delhi,5.5555555555555545,88.8888888888889,5.5555555555555545
398,Idea,2G,Indoor,Goa,0.0,100.0,0.0
399,Idea,2G,Indoor,Gujarat,28.57142857142857,0.0,71.42857142857143
400,Idea,2G,Indoor,Haryana,0.0,100.0,0.0
401,Idea,2G,Indoor,Karnataka,50.0,0.0,50.0
402,Idea,2G,Indoor,Kerala,2.2222222222222223,22.222222222222218,75.55555555555556
403,Idea,2G,Indoor,Madhya Pradesh,25.0,25.0,50.0
404,Idea,2G,Indoor,Maharashtra,5.241935483870968,75.80645161290323,18.951612903225808
405,Idea,2G,Indoor,Odisha,0.0,100.0,0.0
406,Idea,2G,Indoor,Punjab,0.0,37.5,62.5
407,Idea,2G,Indoor,Tamil Nadu,75.0,25.0,0.0
408,Idea,2G,Indoor,Telangana,3.0303030303030303,45.45454545454545,51.51515151515152
409,Idea,2G,Indoor,Uttar Pradesh,20.0,40.0,40.0
410,Idea,2G,Indoor,Uttarakhand,80.0,0.0,20.0
411,Idea,2G,Outdoor,Andhra Pradesh,0.0,50.0,50.0
412,Idea,2G,Outdoor,Bihar,0.0,100.0,0.0
413,Idea,2G,Outdoor,Chattisgarh,0.0,100.0,0.0
414,Idea,2G,Outdoor,Delhi,0.0,33.33333333333333,66.66666666666666
415,Idea,2G,Outdoor,Gujarat,3.571428571428571,89.2857142857143,7.142857142857142
416,Idea,2G,Outdoor,Haryana,0.0,0.0,100.0
417,Idea,2G,Outdoor,Jharkhand,100.0,0.0,0.0
418,Idea,2G,Outdoor,Karnataka,0.0,12.5,87.5
419,Idea,2G,Outdoor,Kerala,7.142857142857142,57.14285714285714,35.714285714285715
420,Idea,2G,Outdoor,Madhya Pradesh,22.222222222222218,0.0,77.7777777777778
421,Idea,2G,Outdoor,Maharashtra,13.157894736842106,39.473684210526315,47.368421052631575
422,Idea,2G,Outdoor,Odisha,0.0,100.0,0.0
423,Idea,2G,Outdoor,Telangana,3.7037037037037033,18.51851851851852,77.7777777777778
424,Idea,2G,Outdoor,Uttar Pradesh,0.0,47.058823529411754,52.941176470588246
425,Idea,2G,Outdoor,Uttarakhand,0.0,50.0,50.0
426,Idea,2G,Outdoor,West Bengal,0.0,100.0,0.0
427,Idea,2G,Travelling,Andhra Pradesh,0.0,50.0,50.0
428,Idea,2G,Travelling,Bihar,0.0,100.0,0.0
429,Idea,2G,Travelling,Chattisgarh,0.0,100.0,0.0
430,Idea,2G,Travelling,Gujarat,12.5,75.0,12.5
431,Idea,2G,Travelling,Haryana,0.0,25.0,75.0
432,Idea,2G,Travelling,Jharkhand,0.0,100.0,0.0
433,Idea,2G,Travelling,Kerala,20.0,60.0,20.0
434,Idea,2G,Travelling,Madhya Pradesh,0.0,100.0,0.0
435,Idea,2G,Travelling,Maharashtra,15.0,70.0,15.0
436,Idea,2G,Travelling,Tamil Nadu,0.0,100.0,0.0
437,Idea,2G,Travelling,Telangana,5.5555555555555545,77.7777777777778,16.666666666666664
438,Idea,2G,Travelling,Uttar Pradesh,50.0,50.0,0.0
439,Idea,2G,Travelling,Uttarakhand,0.0,66.66666666666666,33.33333333333333
440,Idea,2G,Travelling,West Bengal,0.0,0.0,100.0
441,Idea,3G,Indoor,Andhra Pradesh,31.25,18.75,50.0
442,Idea,3G,Indoor,Bihar,55.555555555555564,38.888888888888886,5.5555555555555545
443,Idea,3G,Indoor,Chattisgarh,0.0,80.0,20.0
444,Idea,3G,Indoor,Delhi,13.333333333333336,58.33333333333334,28.33333333333333
445,Idea,3G,Indoor,Goa,5.5555555555555545,69.44444444444444,25.0
446,Idea,3G,Indoor,Gujarat,5.405405405405406,52.7027027027027,41.8918918918919
447,Idea,3G,Indoor,Haryana,3.571428571428571,21.428571428571427,75.0
448,Idea,3G,Indoor,Jharkhand,0.0,80.76923076923076,19.230769230769234
449,Idea,3G,Indoor,Karnataka,50.0,25.0,25.0
450,Idea,3G,Indoor,Kerala,2.1653543307086616,8.267716535433072,89.56692913385827
451,Idea,3G,Indoor,Madhya Pradesh,7.6923076923076925,84.61538461538461,7.6923076923076925
452,Idea,3G,Indoor,Maharashtra,6.45352279455299,78.98164594434577,14.564831261101244
453,Idea,3G,Indoor,Punjab,8.695652173913043,82.6086956521739,8.695652173913043
454,Idea,3G,Indoor,Rajasthan,16.666666666666664,0.0,83.33333333333334
455,Idea,3G,Indoor,Tamil Nadu,50.0,16.666666666666664,33.33333333333333
456,Idea,3G,Indoor,Telangana,3.8116591928251116,73.31838565022422,22.869955156950674
457,Idea,3G,Indoor,Uttar Pradesh,20.212765957446805,23.40425531914893,56.38297872340424
458,Idea,3G,Indoor,Uttarakhand,12.307692307692307,36.92307692307693,50.769230769230774
459,Idea,3G,Indoor,West Bengal,0.0,86.8421052631579,13.157894736842106
460,Idea,3G,Outdoor,Andhra Pradesh,13.043478260869565,52.17391304347826,34.78260869565217
461,Idea,3G,Outdoor,Bihar,47.058823529411754,11.764705882352938,41.17647058823529
462,Idea,3G,Outdoor,Chattisgarh,0.0,75.0,25.0
463,Idea,3G,Outdoor,Daman and Diu,0.0,100.0,0.0
464,Idea,3G,Outdoor,Delhi,11.538461538461537,26.923076923076927,61.53846153846154
465,Idea,3G,Outdoor,Goa,14.285714285714285,50.0,35.714285714285715
466,Idea,3G,Outdoor,Gujarat,1.5384615384615383,79.48717948717949,18.974358974358974
467,Idea,3G,Outdoor,Haryana,0.0,8.0,92.0
468,Idea,3G,Outdoor,Jharkhand,50.0,50.0,0.0
469,Idea,3G,Outdoor,Karnataka,4.166666666666666,8.333333333333332,87.5
470,Idea,3G,Outdoor,Kerala,1.9230769230769231,46.153846153846146,51.92307692307693
471,Idea,3G,Outdoor,Madhya Pradesh,0.0,46.153846153846146,53.846153846153854
472,Idea,3G,Outdoor,Maharashtra,5.615550755939525,41.25269978401728,53.1317494600432
473,Idea,3G,Outdoor,Odisha,0.0,100.0,0.0
474,Idea,3G,Outdoor,Punjab,11.111111111111109,44.444444444444436,44.444444444444436
475,Idea,3G,Outdoor,Rajasthan,20.0,40.0,40.0
476,Idea,3G,Outdoor,Telangana,9.090909090909092,50.649350649350644,40.259740259740255
477,Idea,3G,Outdoor,Uttar Pradesh,14.444444444444445,62.22222222222222,23.33333333333333
478,Idea,3G,Outdoor,Uttarakhand,20.689655172413797,68.96551724137932,10.344827586206897
479,Idea,3G,Outdoor,West Bengal,0.0,100.0,0.0
480,Idea,3G,Travelling,Andhra Pradesh,4.761904761904762,76.19047619047619,19.047619047619047
481,Idea,3G,Travelling,Bihar,14.285714285714285,71.42857142857143,14.285714285714285
482,Idea,3G,Travelling,Chattisgarh,0.0,100.0,0.0
483,Idea,3G,Travelling,Delhi,0.0,35.29411764705883,64.70588235294117
484,Idea,3G,Travelling,Gujarat,5.357142857142857,82.14285714285714,12.5
485,Idea,3G,Travelling,Haryana,0.0,7.59493670886076,92.40506329113924
486,Idea,3G,Travelling,Jharkhand,50.0,50.0,0.0
487,Idea,3G,Travelling,Karnataka,0.0,66.66666666666666,33.33333333333333
488,Idea,3G,Travelling,Kerala,4.0,52.0,44.0
489,Idea,3G,Travelling,Madhya Pradesh,20.0,70.0,10.0
490,Idea,3G,Travelling,Maharashtra,3.6818851251840954,88.51251840942562,7.8055964653902805
491,Idea,3G,Travelling,Punjab,0.0,100.0,0.0
492,Idea,3G,Travelling,Rajasthan,75.0,0.0,25.0
493,Idea,3G,Travelling,Tamil Nadu,0.0,0.0,100.0
494,Idea,3G,Travelling,Telangana,1.875,91.25,6.875000000000001
495,Idea,3G,Travelling,Uttar Pradesh,8.108108108108109,59.45945945945946,32.432432432432435
496,Idea,3G,Travelling,Uttarakhand,0.0,60.0,40.0
497,Idea,3G,Travelling,West Bengal,0.0,0.0,100.0
498,Idea,4G,Indoor,Andhra Pradesh,7.920792079207921,70.04950495049505,22.02970297029703
499,Idea,4G,Indoor,Bihar,28.57142857142857,64.28571428571429,7.142857142857142
500,Idea,4G,Indoor,Chandigarh,0.0,100.0,0.0
501,Idea,4G,Indoor,Chattisgarh,0.0,85.71428571428571,14.285714285714285
502,Idea,4G,Indoor,Delhi,10.256410256410255,53.846153846153854,35.8974358974359
503,Idea,4G,Indoor,Goa,11.111111111111109,82.53968253968253,6.349206349206349
504,Idea,4G,Indoor,Gujarat,9.119496855345911,50.9433962264151,39.937106918239
505,Idea,4G,Indoor,Haryana,0.0,37.5,62.5
506,Idea,4G,Indoor,Jharkhand,0.9523809523809524,99.04761904761904,0.0
507,Idea,4G,Indoor,Karnataka,23.88059701492537,38.805970149253724,37.3134328358209
508,Idea,4G,Indoor,Kerala,1.6553067185978578,11.489776046738072,86.85491723466406
509,Idea,4G,Indoor,Madhya Pradesh,24.324324324324326,37.837837837837846,37.837837837837846
510,Idea,4G,Indoor,Maharashtra,26.311844077961027,54.797601199400304,18.89055472263868
511,Idea,4G,Indoor,Punjab,5.494505494505495,84.06593406593407,10.43956043956044
512,Idea,4G,Indoor,Rajasthan,0.0,84.21052631578947,15.789473684210524
513,Idea,4G,Indoor,Tamil Nadu,42.5,37.5,20.0
514,Idea,4G,Indoor,Telangana,11.764705882352938,60.0,28.235294117647058
515,Idea,4G,Indoor,Uttar Pradesh,21.076233183856505,52.91479820627802,26.00896860986547
516,Idea,4G,Indoor,Uttarakhand,4.2105263157894735,53.68421052631579,42.105263157894726
517,Idea,4G,Indoor,West Bengal,0.0,100.0,0.0
518,Idea,4G,Outdoor,Andhra Pradesh,4.390243902439024,84.39024390243901,11.219512195121954
519,Idea,4G,Outdoor,Bihar,36.36363636363637,54.54545454545454,9.090909090909092
520,Idea,4G,Outdoor,Chandigarh,50.0,50.0,0.0
521,Idea,4G,Outdoor,Chattisgarh,0.0,92.85714285714286,7.142857142857142
522,Idea,4G,Outdoor,Delhi,0.0,51.020408163265316,48.979591836734684
523,Idea,4G,Outdoor,Goa,27.27272727272727,54.54545454545454,18.181818181818183
524,Idea,4G,Outdoor,Gujarat,10.769230769230768,43.07692307692307,46.153846153846146
525,Idea,4G,Outdoor,Haryana,0.0,0.0,100.0
526,Idea,4G,Outdoor,Jharkhand,0.0,100.0,0.0
527,Idea,4G,Outdoor,Karnataka,6.9444444444444455,6.9444444444444455,86.1111111111111
528,Idea,4G,Outdoor,Kerala,9.210526315789473,26.315789473684212,64.47368421052633
529,Idea,4G,Outdoor,Madhya Pradesh,29.72972972972973,27.02702702702703,43.24324324324325
530,Idea,4G,Outdoor,Maharashtra,13.698630136986301,63.83561643835617,22.46575342465753
531,Idea,4G,Outdoor,Punjab,12.5,70.3125,17.1875
532,Idea,4G,Outdoor,Rajasthan,0.0,87.5,12.5
533,Idea,4G,Outdoor,Tamil Nadu,0.0,84.61538461538461,15.384615384615385
534,Idea,4G,Outdoor,Telangana,11.864406779661017,61.016949152542374,27.118644067796605
535,Idea,4G,Outdoor,Uttar Pradesh,7.142857142857142,68.75,24.107142857142854
536,Idea,4G,Outdoor,Uttarakhand,5.594405594405594,73.42657342657344,20.97902097902098
537,Idea,4G,Outdoor,West Bengal,0.0,100.0,0.0
538,Idea,4G,Travelling,Andhra Pradesh,7.4074074074074066,79.62962962962962,12.962962962962964
539,Idea,4G,Travelling,Assam,0.0,100.0,0.0
540,Idea,4G,Travelling,Bihar,0.0,95.23809523809523,4.761904761904762
541,Idea,4G,Travelling,Chattisgarh,0.0,95.65217391304348,4.3478260869565215
542,Idea,4G,Travelling,Delhi,3.333333333333333,10.0,86.66666666666669
543,Idea,4G,Travelling,Goa,0.0,100.0,0.0
544,Idea,4G,Travelling,Gujarat,6.521739130434782,82.88043478260869,10.597826086956523
545,Idea,4G,Travelling,Haryana,2.3255813953488373,11.627906976744184,86.046511627907
546,Idea,4G,Travelling,Jharkhand,14.285714285714285,85.71428571428571,0.0
547,Idea,4G,Travelling,Karnataka,3.4482758620689653,48.27586206896552,48.27586206896552
548,Idea,4G,Travelling,Kerala,25.0,22.222222222222218,52.77777777777778
549,Idea,4G,Travelling,Madhya Pradesh,15.384615384615385,30.76923076923077,53.846153846153854
550,Idea,4G,Travelling,Maharashtra,10.59322033898305,69.0677966101695,20.33898305084746
551,Idea,4G,Travelling,Odisha,0.0,50.0,50.0
552,Idea,4G,Travelling,Punjab,0.0,83.33333333333334,16.666666666666664
553,Idea,4G,Travelling,Rajasthan,0.0,0.0,100.0
554,Idea,4G,Travelling,Tamil Nadu,21.428571428571427,57.14285714285714,21.428571428571427
555,Idea,4G,Travelling,Telangana,6.666666666666668,90.0,3.333333333333333
556,Idea,4G,Travelling,Uttar Pradesh,28.767123287671232,42.46575342465753,28.767123287671232
557,Idea,4G,Travelling,Uttarakhand,7.547169811320754,35.849056603773576,56.60377358490565
558,Idea,4G,Travelling,West Bengal,0.0,100.0,0.0
559,MTNL,2G,Indoor,Maharashtra,25.0,50.0,25.0
560,MTNL,2G,Outdoor,Maharashtra,0.0,100.0,0.0
561,MTNL,2G,Travelling,Maharashtra,66.66666666666666,33.33333333333333,0.0
562,MTNL,2G,Travelling,Uttar Pradesh,0.0,100.0,0.0
563,MTNL,3G,Indoor,Delhi,20.0,33.33333333333333,46.66666666666666
564,MTNL,3G,Indoor,Haryana,33.33333333333333,33.33333333333333,33.33333333333333
565,MTNL,3G,Indoor,Karnataka,0.0,100.0,0.0
566,MTNL,3G,Indoor,Maharashtra,31.03448275862069,55.17241379310346,13.79310344827586
567,MTNL,3G,Outdoor,Delhi,0.0,0.0,100.0
568,MTNL,3G,Outdoor,Haryana,0.0,0.0,100.0
569,MTNL,3G,Outdoor,Maharashtra,20.0,60.0,20.0
570,MTNL,3G,Travelling,Delhi,0.0,0.0,100.0
571,MTNL,3G,Travelling,Maharashtra,22.222222222222218,77.7777777777778,0.0
572,MTNL,3G,Travelling,Uttar Pradesh,100.0,0.0,0.0
573,MTNL,4G,Indoor,Delhi,12.5,75.0,12.5
574,MTNL,4G,Indoor,Haryana,25.0,75.0,0.0
575,MTNL,4G,Indoor,Maharashtra,14.685314685314687,85.31468531468529,0.0
576,MTNL,4G,Indoor,Uttar Pradesh,0.0,0.0,100.0
577,MTNL,4G,Outdoor,Delhi,0.0,25.0,75.0
578,MTNL,4G,Outdoor,Haryana,0.0,0.0,100.0
579,MTNL,4G,Outdoor,Maharashtra,5.172413793103448,93.10344827586206,1.7241379310344829
580,MTNL,4G,Travelling,Delhi,20.0,80.0,0.0
581,MTNL,4G,Travelling,Haryana,0.0,33.33333333333333,66.66666666666666
582,MTNL,4G,Travelling,Maharashtra,11.111111111111109,88.8888888888889,0.0
583,Other,2G,Indoor,Kerala,0.0,0.0,100.0
584,Other,2G,Indoor,Odisha,28.57142857142857,14.285714285714285,57.14285714285714
585,Other,2G,Indoor,Tamil Nadu,9.090909090909092,0.0,90.9090909090909
586,Other,2G,Outdoor,Odisha,25.0,50.0,25.0
587,Other,2G,Outdoor,Tamil Nadu,0.0,33.33333333333333,66.66666666666666
588,Other,2G,Travelling,Haryana,0.0,100.0,0.0
589,Other,2G,Travelling,Tamil Nadu,0.0,0.0,100.0
590,Other,3G,Indoor,Kerala,0.0,0.0,100.0
591,Other,3G,Indoor,Maharashtra,100.0,0.0,0.0
592,Other,3G,Indoor,Rajasthan,66.66666666666666,0.0,33.33333333333333
593,Other,3G,Indoor,Tamil Nadu,3.4364261168384886,15.463917525773196,81.09965635738831
594,Other,3G,Outdoor,Bihar,0.0,100.0,0.0
595,Other,3G,Outdoor,Haryana,0.0,100.0,0.0
596,Other,3G,Outdoor,Kerala,0.0,0.0,100.0
597,Other,3G,Outdoor,Maharashtra,0.0,0.0,100.0
598,Other,3G,Outdoor,Pondicherry,0.0,100.0,0.0
599,Other,3G,Outdoor,Tamil Nadu,3.4482758620689653,41.379310344827594,55.17241379310346
600,Other,3G,Outdoor,Telangana,0.0,100.0,0.0
601,Other,3G,Outdoor,Uttar Pradesh,0.0,88.8888888888889,11.111111111111109
602,Other,3G,Outdoor,Uttarakhand,0.0,100.0,0.0
603,Other,3G,Travelling,Haryana,0.0,100.0,0.0
604,Other,3G,Travelling,Jharkhand,0.0,100.0,0.0
605,Other,3G,Travelling,Kerala,0.0,0.0,100.0
606,Other,3G,Travelling,Maharashtra,100.0,0.0,0.0
607,Other,3G,Travelling,Tamil Nadu,0.0,22.222222222222218,77.7777777777778
608,Other,3G,Travelling,West Bengal,0.0,0.0,100.0
609,Other,4G,Indoor,Andhra Pradesh,100.0,0.0,0.0
610,Other,4G,Indoor,Karnataka,100.0,0.0,0.0
611,Other,4G,Indoor,Madhya Pradesh,0.0,100.0,0.0
612,Other,4G,Indoor,Maharashtra,0.0,0.0,100.0
613,Other,4G,Indoor,Odisha,0.0,33.33333333333333,66.66666666666666
614,Other,4G,Indoor,Rajasthan,33.33333333333333,0.0,66.66666666666666
615,Other,4G,Indoor,Uttar Pradesh,0.0,100.0,0.0
616,Other,4G,Outdoor,Andhra Pradesh,50.0,0.0,50.0
617,Other,4G,Outdoor,Assam,0.0,100.0,0.0
618,Other,4G,Outdoor,Bihar,0.0,100.0,0.0
619,Other,4G,Outdoor,Delhi,0.0,100.0,0.0
620,Other,4G,Outdoor,Gujarat,0.0,100.0,0.0
621,Other,4G,Outdoor,Haryana,0.0,100.0,0.0
622,Other,4G,Outdoor,Karnataka,25.0,25.0,50.0
623,Other,4G,Outdoor,Kerala,0.0,100.0,0.0
624,Other,4G,Outdoor,Maharashtra,0.0,0.0,100.0
625,Other,4G,Outdoor,Odisha,0.0,33.33333333333333,66.66666666666666
626,Other,4G,Outdoor,Rajasthan,0.0,100.0,0.0
627,Other,4G,Outdoor,Tamil Nadu,0.0,100.0,0.0
628,Other,4G,Outdoor,Telangana,0.0,0.0,100.0
629,Other,4G,Outdoor,Tripura,0.0,100.0,0.0
630,Other,4G,Outdoor,Uttar Pradesh,0.0,58.33333333333334,41.66666666666667
631,Other,4G,Outdoor,West Bengal,0.0,33.33333333333333,66.66666666666666
632,Other,4G,Travelling,Assam,0.0,100.0,0.0
633,Other,4G,Travelling,Delhi,0.0,100.0,0.0
634,Other,4G,Travelling,Haryana,0.0,100.0,0.0
635,Other,4G,Travelling,Karnataka,0.0,66.66666666666666,33.33333333333333
636,Other,4G,Travelling,Maharashtra,0.0,66.66666666666666,33.33333333333333
637,Other,4G,Travelling,Odisha,20.0,40.0,40.0
638,Other,4G,Travelling,Tamil Nadu,0.0,85.71428571428571,14.285714285714285
639,Other,4G,Travelling,Telangana,0.0,0.3105590062111801,99.68944099378882
640,Other,4G,Travelling,Uttar Pradesh,0.0,84.61538461538461,15.384615384615385
641,Other,4G,Travelling,West Bengal,0.0,0.0,100.0
642,RJio,2G,Indoor,Rajasthan,0.0,100.0,0.0
643,RJio,2G,Indoor,West Bengal,0.0,0.0,100.0
644,RJio,2G,Outdoor,Delhi,0.0,0.0,100.0
645,RJio,2G,Outdoor,Gujarat,0.0,100.0,0.0
646,RJio,2G,Outdoor,Haryana,0.0,100.0,0.0
647,RJio,2G,Outdoor,Maharashtra,0.0,100.0,0.0
648,RJio,2G,Outdoor,Odisha,0.0,100.0,0.0
649,RJio,2G,Travelling,Delhi,0.0,16.666666666666664,83.33333333333334
650,RJio,2G,Travelling,Karnataka,0.0,100.0,0.0
651,RJio,2G,Travelling,Maharashtra,0.0,100.0,0.0
652,RJio,2G,Travelling,Odisha,0.0,100.0,0.0
653,RJio,2G,Travelling,Uttar Pradesh,0.0,100.0,0.0
654,RJio,3G,Indoor,Andhra Pradesh,0.0,100.0,0.0
655,RJio,3G,Indoor,Karnataka,0.0,0.0,100.0
656,RJio,3G,Indoor,Maharashtra,21.428571428571427,71.42857142857143,7.142857142857142
657,RJio,3G,Indoor,Uttar Pradesh,0.0,0.0,100.0
658,RJio,3G,Outdoor,Andhra Pradesh,0.0,100.0,0.0
659,RJio,3G,Outdoor,Bihar,0.0,100.0,0.0
660,RJio,3G,Outdoor,Delhi,0.0,33.33333333333333,66.66666666666666
661,RJio,3G,Outdoor,Gujarat,0.0,100.0,0.0
662,RJio,3G,Outdoor,Haryana,0.0,100.0,0.0
663,RJio,3G,Outdoor,Karnataka,0.0,77.7777777777778,22.222222222222218
664,RJio,3G,Outdoor,Kerala,0.0,100.0,0.0
665,RJio,3G,Outdoor,Madhya Pradesh,66.66666666666666,33.33333333333333,0.0
666,RJio,3G,Outdoor,Maharashtra,0.0,98.7012987012987,1.2987012987012987
667,RJio,3G,Outdoor,Odisha,0.0,100.0,0.0
668,RJio,3G,Outdoor,Rajasthan,0.0,0.0,100.0
669,RJio,3G,Outdoor,Tamil Nadu,0.0,100.0,0.0
670,RJio,3G,Outdoor,Uttar Pradesh,0.0,62.5,37.5
671,RJio,3G,Outdoor,West Bengal,0.0,100.0,0.0
672,RJio,3G,Travelling,Andhra Pradesh,0.0,100.0,0.0
673,RJio,3G,Travelling,Delhi,0.0,100.0,0.0
674,RJio,3G,Travelling,Haryana,0.0,100.0,0.0
675,RJio,3G,Travelling,Karnataka,0.0,100.0,0.0
676,RJio,3G,Travelling,Maharashtra,0.0,80.0,20.0
677,RJio,3G,Travelling,Punjab,0.0,0.0,100.0
678,RJio,3G,Travelling,Uttar Pradesh,0.0,73.33333333333333,26.66666666666667
679,RJio,4G,Indoor,Andhra Pradesh,3.0912659470068693,81.648675171737,15.260058881256134
680,RJio,4G,Indoor,Assam,6.572769953051643,41.784037558685434,51.64319248826291
681,RJio,4G,Indoor,Bihar,9.688013136289001,47.70114942528736,42.61083743842365
682,RJio,4G,Indoor,Chandigarh,26.315789473684212,69.04024767801857,4.643962848297214
683,RJio,4G,Indoor,Chattisgarh,15.703517587939698,81.53266331658291,2.7638190954773867
684,RJio,4G,Indoor,Delhi,13.280212483399731,44.046038069942455,42.67374944665781
685,RJio,4G,Indoor,Goa,2.631578947368421,3.3834586466165413,93.98496240601506
686,RJio,4G,Indoor,Gujarat,2.4420024420024418,58.83190883190883,38.726088726088726
687,RJio,4G,Indoor,Haryana,14.854771784232366,56.597510373443974,28.547717842323646
688,RJio,4G,Indoor,Himachal Pradesh,80.27522935779818,13.302752293577983,6.422018348623854
689,RJio,4G,Indoor,Jharkhand,2.056555269922879,83.54755784061697,14.395886889460154
690,RJio,4G,Indoor,Karnataka,10.755148741418765,73.4553775743707,15.789473684210524
691,RJio,4G,Indoor,Kashmir,0.0,50.0,50.0
692,RJio,4G,Indoor,Kerala,4.151119402985075,88.99253731343283,6.856343283582089
693,RJio,4G,Indoor,Madhya Pradesh,10.906411201179074,79.43994104642593,9.653647752394988
694,RJio,4G,Indoor,Maharashtra,5.739036275040608,85.03364529352619,9.227318431433213
695,RJio,4G,Indoor,Manipur,0.0,0.0,100.0
696,RJio,4G,Indoor,Meghalaya,0.0,0.0,100.0
697,RJio,4G,Indoor,Odisha,3.1332744924977938,90.24713150926745,6.619593998234777
698,RJio,4G,Indoor,Punjab,4.328523862375138,59.60044395116538,36.07103218645949
699,RJio,4G,Indoor,Rajasthan,14.666666666666664,63.215686274509814,22.117647058823533
700,RJio,4G,Indoor,Tamil Nadu,18.17155756207675,75.05643340857789,6.772009029345372
701,RJio,4G,Indoor,Telangana,11.425732737208149,56.97963238946846,31.594634873323397
702,RJio,4G,Indoor,Tripura,3.125,56.25,40.625
703,RJio,4G,Indoor,Uttar Pradesh,7.1636267512556175,58.33994184509649,34.4964314036479
704,RJio,4G,Indoor,Uttarakhand,6.056527590847915,69.71736204576044,24.226110363391648
705,RJio,4G,Indoor,West Bengal,3.1061022539857066,83.3837273227048,13.510170423309512
706,RJio,4G,Outdoor,Andhra Pradesh,3.8034865293185423,83.51822503961965,12.678288431061807
707,RJio,4G,Outdoor,Assam,6.363636363636362,40.90909090909091,52.72727272727272
708,RJio,4G,Outdoor,Bihar,5.103969754253309,72.3062381852552,22.58979206049149
709,RJio,4G,Outdoor,Chandigarh,1.5384615384615383,90.76923076923076,7.6923076923076925
710,RJio,4G,Outdoor,Chattisgarh,3.791469194312796,84.36018957345972,11.848341232227488
711,RJio,4G,Outdoor,Dadra and Nagar Haveli,0.0,50.0,50.0
712,RJio,4G,Outdoor,Daman and Diu,0.0,100.0,0.0
713,RJio,4G,Outdoor,Delhi,6.5546218487394965,61.680672268907564,31.764705882352942
714,RJio,4G,Outdoor,Goa,15.384615384615385,23.07692307692308,61.53846153846154
715,RJio,4G,Outdoor,Gujarat,2.372093023255814,88.88372093023256,8.744186046511627
716,RJio,4G,Outdoor,Haryana,11.379310344827587,51.89655172413793,36.72413793103448
717,RJio,4G,Outdoor,Himachal Pradesh,13.333333333333336,76.66666666666667,10.0
718,RJio,4G,Outdoor,Jharkhand,1.6666666666666667,85.0,13.333333333333336
719,RJio,4G,Outdoor,Karnataka,1.6536964980544748,81.80933852140079,16.536964980544745
720,RJio,4G,Outdoor,Kerala,4.166666666666666,78.76984126984127,17.063492063492063
721,RJio,4G,Outdoor,Madhya Pradesh,4.275092936802974,75.27881040892194,20.44609665427509
722,RJio,4G,Outdoor,Maharashtra,7.729179149191133,84.62152985819851,7.649290992610347
723,RJio,4G,Outdoor,Manipur,11.111111111111109,11.111111111111109,77.7777777777778
724,RJio,4G,Outdoor,Meghalaya,14.634146341463413,9.75609756097561,75.60975609756099
725,RJio,4G,Outdoor,Mizoram,0.0,100.0,0.0
726,RJio,4G,Outdoor,Odisha,4.107424960505529,78.04107424960506,17.851500789889414
727,RJio,4G,Outdoor,Punjab,25.683060109289613,48.633879781420774,25.683060109289613
728,RJio,4G,Outdoor,Rajasthan,5.6657223796034,73.65439093484419,20.679886685552407
729,RJio,4G,Outdoor,Sikkim,0.0,100.0,0.0
730,RJio,4G,Outdoor,Tamil Nadu,1.9047619047619049,88.65079365079364,9.444444444444443
731,RJio,4G,Outdoor,Telangana,10.928961748633881,58.7431693989071,30.327868852459016
732,RJio,4G,Outdoor,Tripura,0.0,95.0,5.0
733,RJio,4G,Outdoor,Uttar Pradesh,4.576825281511079,76.0261532873229,19.397021431166
734,RJio,4G,Outdoor,Uttarakhand,5.019305019305019,75.67567567567569,19.305019305019304
735,RJio,4G,Outdoor,West Bengal,2.141203703703704,77.66203703703705,20.196759259259263
736,RJio,4G,Travelling,Andhra Pradesh,6.116504854368932,82.91262135922331,10.970873786407768
737,RJio,4G,Travelling,Assam,0.0,87.83783783783785,12.162162162162163
738,RJio,4G,Travelling,Bihar,3.5799522673031032,64.43914081145584,31.98090692124105
739,RJio,4G,Travelling,Chandigarh,3.8461538461538463,65.38461538461539,30.76923076923077
740,RJio,4G,Travelling,Chattisgarh,1.96078431372549,85.29411764705883,12.745098039215687
741,RJio,4G,Travelling,Dadra and Nagar Haveli,0.0,87.5,12.5
742,RJio,4G,Travelling,Daman and Diu,0.0,100.0,0.0
743,RJio,4G,Travelling,Delhi,2.274573517465475,35.33712428919578,62.388302193338745
744,RJio,4G,Travelling,Goa,0.7117437722419928,96.44128113879006,2.8469750889679712
745,RJio,4G,Travelling,Gujarat,1.6299137104506232,90.12464046021091,8.245445829338447
746,RJio,4G,Travelling,Haryana,4.6,24.2,71.2
747,RJio,4G,Travelling,Himachal Pradesh,5.0,85.0,10.0
748,RJio,4G,Travelling,Jharkhand,2.4390243902439024,85.36585365853658,12.19512195121951
749,RJio,4G,Travelling,Karnataka,3.2188841201716736,70.60085836909872,26.180257510729607
750,RJio,4G,Travelling,Kashmir,0.0,0.0,100.0
751,RJio,4G,Travelling,Kerala,4.3478260869565215,81.88405797101449,13.768115942028984
752,RJio,4G,Travelling,Madhya Pradesh,1.7142857142857144,90.09523809523809,8.190476190476192
753,RJio,4G,Travelling,Maharashtra,5.073877892389183,60.69138555896292,34.23473654864789
754,RJio,4G,Travelling,Manipur,0.0,0.0,100.0
755,RJio,4G,Travelling,Meghalaya,100.0,0.0,0.0
756,RJio,4G,Travelling,Mizoram,0.0,100.0,0.0
757,RJio,4G,Travelling,Odisha,1.4492753623188406,89.8550724637681,8.695652173913043
758,RJio,4G,Travelling,Punjab,2.127659574468085,89.36170212765957,8.51063829787234
759,RJio,4G,Travelling,Rajasthan,3.2573289902280136,71.9869706840391,24.7557003257329
760,RJio,4G,Travelling,Tamil Nadu,2.727272727272727,80.0,17.272727272727273
761,RJio,4G,Travelling,Telangana,4.333333333333334,49.0,46.66666666666666
762,RJio,4G,Travelling,Tripura,0.0,0.0,100.0
763,RJio,4G,Travelling,Uttar Pradesh,3.085150143973673,42.863019333607575,54.05183052241875
764,RJio,4G,Travelling,Uttarakhand,11.03896103896104,41.558441558441565,47.4025974025974
765,RJio,4G,Travelling,West Bengal,5.80539656582175,81.84791496320523,12.346688470973016
766,Tata,2G,Indoor,Andhra Pradesh,75.0,0.0,25.0
767,Tata,2G,Indoor,Chattisgarh,16.666666666666664,50.0,33.33333333333333
768,Tata,2G,Indoor,Karnataka,0.0,0.0,100.0
769,Tata,3G,Indoor,Andhra Pradesh,0.0,100.0,0.0
770,Tata,3G,Indoor,Karnataka,0.0,50.0,50.0
771,Tata,3G,Indoor,Maharashtra,27.27272727272727,45.45454545454545,27.27272727272727
772,Tata,3G,Outdoor,Andhra Pradesh,0.0,100.0,0.0
773,Tata,3G,Outdoor,Chattisgarh,0.0,0.0,100.0
774,Tata,3G,Outdoor,Gujarat,0.0,50.0,50.0
775,Tata,3G,Outdoor,Maharashtra,0.0,0.0,100.0
776,Tata,3G,Travelling,Gujarat,0.0,0.0,100.0
777,Tata,3G,Travelling,Karnataka,0.0,100.0,0.0
778,Tata,3G,Travelling,West Bengal,0.0,0.0,100.0
779,Tata,4G,Indoor,Chattisgarh,0.0,46.153846153846146,53.846153846153854
780,Tata,4G,Indoor,Haryana,0.0,0.0,100.0
781,Tata,4G,Indoor,Karnataka,0.0,100.0,0.0
782,Tata,4G,Indoor,Maharashtra,0.0,80.0,20.0
783,Tata,4G,Outdoor,Andhra Pradesh,0.0,100.0,0.0
784,Tata,4G,Outdoor,Haryana,0.0,0.0,100.0
785,Tata,4G,Outdoor,Karnataka,0.0,100.0,0.0
786,Tata,4G,Travelling,Andhra Pradesh,100.0,0.0,0.0
787,Tata,4G,Travelling,Chattisgarh,0.0,100.0,0.0
788,Tata,4G,Travelling,Haryana,0.0,0.0,100.0
789,Tata,4G,Travelling,Maharashtra,0.0,0.0,100.0
790,Telenor,3G,Indoor,Maharashtra,0.0,100.0,0.0
791,Telenor,3G,Travelling,Telangana,0.0,0.0,100.0
792,Telenor,4G,Indoor,Gujarat,0.0,40.0,60.0
793,Telenor,4G,Indoor,Maharashtra,0.0,100.0,0.0
794,Telenor,4G,Indoor,Uttarakhand,0.0,100.0,0.0
795,Telenor,4G,Outdoor,Uttar Pradesh,100.0,0.0,0.0
796,Vodafone,2G,Indoor,Andhra Pradesh,0.0,100.0,0.0
797,Vodafone,2G,Indoor,Chattisgarh,0.0,100.0,0.0
798,Vodafone,2G,Indoor,Dadra and Nagar Haveli,0.0,100.0,0.0
799,Vodafone,2G,Indoor,Delhi,4.0712468193384215,2.5445292620865136,93.38422391857506
800,Vodafone,2G,Indoor,Goa,0.0,100.0,0.0
801,Vodafone,2G,Indoor,Gujarat,7.000000000000001,64.0,29.0
802,Vodafone,2G,Indoor,Haryana,11.111111111111109,66.66666666666666,22.222222222222218
803,Vodafone,2G,Indoor,Himachal Pradesh,0.0,100.0,0.0
804,Vodafone,2G,Indoor,Karnataka,33.33333333333333,16.666666666666664,50.0
805,Vodafone,2G,Indoor,Kerala,9.090909090909092,36.36363636363637,54.54545454545454
806,Vodafone,2G,Indoor,Madhya Pradesh,0.0,100.0,0.0
807,Vodafone,2G,Indoor,Maharashtra,7.954545454545454,82.95454545454545,9.090909090909092
808,Vodafone,2G,Indoor,Odisha,50.0,50.0,0.0
809,Vodafone,2G,Indoor,Punjab,0.0,100.0,0.0
810,Vodafone,2G,Indoor,Rajasthan,0.0,86.36363636363636,13.636363636363635
811,Vodafone,2G,Indoor,Tamil Nadu,10.9375,75.0,14.0625
812,Vodafone,2G,Indoor,Telangana,0.0,88.8888888888889,11.111111111111109
813,Vodafone,2G,Indoor,Uttar Pradesh,19.230769230769234,42.307692307692314,38.46153846153847
814,Vodafone,2G,Indoor,Uttarakhand,0.0,0.0,100.0
815,Vodafone,2G,Indoor,West Bengal,5.7142857142857135,51.42857142857142,42.857142857142854
816,Vodafone,2G,Outdoor,Andaman and Nicobar Islands,0.0,100.0,0.0
817,Vodafone,2G,Outdoor,Chandigarh,100.0,0.0,0.0
818,Vodafone,2G,Outdoor,Chattisgarh,100.0,0.0,0.0
819,Vodafone,2G,Outdoor,Delhi,15.789473684210524,47.368421052631575,36.84210526315789
820,Vodafone,2G,Outdoor,Goa,25.0,25.0,50.0
821,Vodafone,2G,Outdoor,Gujarat,5.5555555555555545,77.7777777777778,16.666666666666664
822,Vodafone,2G,Outdoor,Haryana,0.0,0.0,100.0
823,Vodafone,2G,Outdoor,Karnataka,33.33333333333333,0.0,66.66666666666666
824,Vodafone,2G,Outdoor,Kerala,25.0,25.0,50.0
825,Vodafone,2G,Outdoor,Madhya Pradesh,0.0,0.0,100.0
826,Vodafone,2G,Outdoor,Maharashtra,8.771929824561402,42.105263157894726,49.122807017543856
827,Vodafone,2G,Outdoor,Odisha,0.0,100.0,0.0
828,Vodafone,2G,Outdoor,Punjab,33.33333333333333,66.66666666666666,0.0
829,Vodafone,2G,Outdoor,Rajasthan,0.0,42.857142857142854,57.14285714285714
830,Vodafone,2G,Outdoor,Tamil Nadu,0.0,63.829787234042556,36.17021276595745
831,Vodafone,2G,Outdoor,Uttar Pradesh,9.090909090909092,36.36363636363637,54.54545454545454
832,Vodafone,2G,Outdoor,West Bengal,7.6923076923076925,61.53846153846154,30.76923076923077
833,Vodafone,2G,Travelling,Chattisgarh,0.0,100.0,0.0
834,Vodafone,2G,Travelling,Delhi,20.0,20.0,60.0
835,Vodafone,2G,Travelling,Goa,0.0,100.0,0.0
836,Vodafone,2G,Travelling,Gujarat,0.0,86.66666666666669,13.333333333333336
837,Vodafone,2G,Travelling,Haryana,33.33333333333333,66.66666666666666,0.0
838,Vodafone,2G,Travelling,Jharkhand,0.0,0.0,100.0
839,Vodafone,2G,Travelling,Karnataka,0.0,100.0,0.0
840,Vodafone,2G,Travelling,Madhya Pradesh,100.0,0.0,0.0
841,Vodafone,2G,Travelling,Maharashtra,3.8461538461538463,76.92307692307693,19.230769230769234
842,Vodafone,2G,Travelling,Odisha,0.0,100.0,0.0
843,Vodafone,2G,Travelling,Rajasthan,0.0,71.42857142857143,28.57142857142857
844,Vodafone,2G,Travelling,Tamil Nadu,7.142857142857142,71.42857142857143,21.428571428571427
845,Vodafone,2G,Travelling,Uttar Pradesh,15.384615384615385,46.153846153846146,38.46153846153847
846,Vodafone,2G,Travelling,West Bengal,17.1875,51.5625,31.25
847,Vodafone,3G,Indoor,Andhra Pradesh,9.090909090909092,90.9090909090909,0.0
848,Vodafone,3G,Indoor,Assam,3.571428571428571,96.42857142857143,0.0
849,Vodafone,3G,Indoor,Bihar,27.27272727272727,18.181818181818183,54.54545454545454
850,Vodafone,3G,Indoor,Chattisgarh,0.0,99.2,0.8
851,Vodafone,3G,Indoor,Dadra and Nagar Haveli,0.0,87.5,12.5
852,Vodafone,3G,Indoor,Daman and Diu,33.33333333333333,0.0,66.66666666666666
853,Vodafone,3G,Indoor,Delhi,6.266318537859008,29.895561357702352,63.83812010443864
854,Vodafone,3G,Indoor,Goa,7.894736842105262,84.21052631578947,7.894736842105262
855,Vodafone,3G,Indoor,Gujarat,2.3875114784205693,76.67584940312213,20.9366391184573
856,Vodafone,3G,Indoor,Haryana,3.92156862745098,35.29411764705883,60.784313725490186
857,Vodafone,3G,Indoor,Karnataka,10.20408163265306,60.71428571428571,29.081632653061227
858,Vodafone,3G,Indoor,Kashmir,0.0,100.0,0.0
859,Vodafone,3G,Indoor,Kerala,20.454545454545453,25.0,54.54545454545454
860,Vodafone,3G,Indoor,Madhya Pradesh,7.4074074074074066,88.8888888888889,3.7037037037037033
861,Vodafone,3G,Indoor,Maharashtra,9.60698689956332,65.67685589519651,24.71615720524018
862,Vodafone,3G,Indoor,Meghalaya,11.111111111111109,77.7777777777778,11.111111111111109
863,Vodafone,3G,Indoor,Odisha,0.0,78.57142857142857,21.428571428571427
864,Vodafone,3G,Indoor,Punjab,0.0,50.0,50.0
865,Vodafone,3G,Indoor,Rajasthan,0.9389671361502347,87.63693270735523,11.424100156494525
866,Vodafone,3G,Indoor,Tamil Nadu,5.142231947483589,83.15098468271334,11.706783369803064
867,Vodafone,3G,Indoor,Telangana,4.49438202247191,91.0112359550562,4.49438202247191
868,Vodafone,3G,Indoor,Uttar Pradesh,8.333333333333332,67.7927927927928,23.873873873873876
869,Vodafone,3G,Indoor,Uttarakhand,5.084745762711865,1.6949152542372878,93.22033898305084
870,Vodafone,3G,Indoor,West Bengal,6.322444678609062,62.4868282402529,31.19072708113805
871,Vodafone,3G,Outdoor,Andhra Pradesh,0.0,50.0,50.0
872,Vodafone,3G,Outdoor,Assam,0.0,33.33333333333333,66.66666666666666
873,Vodafone,3G,Outdoor,Bihar,0.0,0.0,100.0
874,Vodafone,3G,Outdoor,Chandigarh,0.0,0.0,100.0
875,Vodafone,3G,Outdoor,Chattisgarh,38.46153846153847,61.53846153846154,0.0
876,Vodafone,3G,Outdoor,Dadra and Nagar Haveli,0.0,100.0,0.0
877,Vodafone,3G,Outdoor,Delhi,3.8135593220338975,67.79661016949152,28.389830508474574
878,Vodafone,3G,Outdoor,Goa,0.0,100.0,0.0
879,Vodafone,3G,Outdoor,Gujarat,4.201680672268908,89.49579831932773,6.302521008403361
880,Vodafone,3G,Outdoor,Haryana,12.5,50.0,37.5
881,Vodafone,3G,Outdoor,Himachal Pradesh,0.0,100.0,0.0
882,Vodafone,3G,Outdoor,Karnataka,13.291139240506327,55.063291139240505,31.645569620253173
883,Vodafone,3G,Outdoor,Kerala,5.5555555555555545,86.1111111111111,8.333333333333332
884,Vodafone,3G,Outdoor,Madhya Pradesh,0.0,100.0,0.0
885,Vodafone,3G,Outdoor,Maharashtra,14.233576642335766,42.51824817518249,43.248175182481745
886,Vodafone,3G,Outdoor,Odisha,33.33333333333333,66.66666666666666,0.0
887,Vodafone,3G,Outdoor,Punjab,12.5,56.25,31.25
888,Vodafone,3G,Outdoor,Rajasthan,1.5873015873015872,73.01587301587301,25.396825396825395
889,Vodafone,3G,Outdoor,Tamil Nadu,3.864734299516908,71.49758454106279,24.63768115942029
890,Vodafone,3G,Outdoor,Telangana,14.285714285714285,71.42857142857143,14.285714285714285
891,Vodafone,3G,Outdoor,Uttar Pradesh,4.2105263157894735,65.26315789473685,30.52631578947368
892,Vodafone,3G,Outdoor,Uttarakhand,0.0,100.0,0.0
893,Vodafone,3G,Outdoor,West Bengal,5.095541401273887,76.43312101910828,18.471337579617835
894,Vodafone,3G,Travelling,Andhra Pradesh,50.0,0.0,50.0
895,Vodafone,3G,Travelling,Assam,0.0,94.73684210526315,5.263157894736842
896,Vodafone,3G,Travelling,Bihar,0.0,80.0,20.0
897,Vodafone,3G,Travelling,Chandigarh,0.0,0.0,100.0
898,Vodafone,3G,Travelling,Chattisgarh,0.0,100.0,0.0
899,Vodafone,3G,Travelling,Delhi,6.0,55.00000000000001,39.0
900,Vodafone,3G,Travelling,Goa,0.0,100.0,0.0
901,Vodafone,3G,Travelling,Gujarat,10.256410256410255,80.34188034188034,9.401709401709402
902,Vodafone,3G,Travelling,Haryana,0.0,71.42857142857143,28.57142857142857
903,Vodafone,3G,Travelling,Himachal Pradesh,0.0,100.0,0.0
904,Vodafone,3G,Travelling,Karnataka,3.5087719298245608,73.68421052631578,22.807017543859647
905,Vodafone,3G,Travelling,Kerala,4.761904761904762,61.904761904761905,33.33333333333333
906,Vodafone,3G,Travelling,Madhya Pradesh,0.0,75.0,25.0
907,Vodafone,3G,Travelling,Maharashtra,5.450236966824645,41.70616113744076,52.843601895734594
908,Vodafone,3G,Travelling,Meghalaya,0.0,100.0,0.0
909,Vodafone,3G,Travelling,Odisha,20.0,80.0,0.0
910,Vodafone,3G,Travelling,Punjab,25.0,50.0,25.0
911,Vodafone,3G,Travelling,Rajasthan,3.8461538461538463,84.61538461538461,11.538461538461537
912,Vodafone,3G,Travelling,Tamil Nadu,0.7751937984496124,72.09302325581395,27.131782945736433
913,Vodafone,3G,Travelling,Telangana,25.0,50.0,25.0
914,Vodafone,3G,Travelling,Uttar Pradesh,4.10958904109589,46.57534246575342,49.31506849315068
915,Vodafone,3G,Travelling,Uttarakhand,0.0,66.66666666666666,33.33333333333333
916,Vodafone,3G,Travelling,West Bengal,8.294930875576037,62.21198156682028,29.493087557603694
917,Vodafone,4G,Indoor,Andhra Pradesh,2.083333333333333,94.44444444444444,3.4722222222222223
918,Vodafone,4G,Indoor,Assam,9.090909090909092,72.72727272727273,18.181818181818183
919,Vodafone,4G,Indoor,Bihar,66.66666666666666,8.333333333333332,25.0
920,Vodafone,4G,Indoor,Chandigarh,50.0,50.0,0.0
921,Vodafone,4G,Indoor,Chattisgarh,15.384615384615385,61.53846153846154,23.07692307692308
922,Vodafone,4G,Indoor,Dadra and Nagar Haveli,0.0,100.0,0.0
923,Vodafone,4G,Indoor,Daman and Diu,0.0,100.0,0.0
924,Vodafone,4G,Indoor,Delhi,13.710879284649774,50.3725782414307,35.91654247391953
925,Vodafone,4G,Indoor,Goa,0.0,100.0,0.0
926,Vodafone,4G,Indoor,Gujarat,2.985074626865672,72.38805970149255,24.626865671641788
927,Vodafone,4G,Indoor,Haryana,3.862660944206009,32.61802575107296,63.519313304721024
928,Vodafone,4G,Indoor,Karnataka,8.200734394124847,65.23867809057529,26.56058751529988
929,Vodafone,4G,Indoor,Kerala,15.909090909090908,59.09090909090909,25.0
930,Vodafone,4G,Indoor,Madhya Pradesh,0.0,100.0,0.0
931,Vodafone,4G,Indoor,Maharashtra,5.771873568483738,62.482821804855696,31.745304626660555
932,Vodafone,4G,Indoor,Meghalaya,0.0,78.57142857142857,21.428571428571427
933,Vodafone,4G,Indoor,Odisha,3.333333333333333,80.0,16.666666666666664
934,Vodafone,4G,Indoor,Pondicherry,100.0,0.0,0.0
935,Vodafone,4G,Indoor,Punjab,17.857142857142858,55.35714285714286,26.785714285714285
936,Vodafone,4G,Indoor,Rajasthan,1.9372693726937271,79.98154981549816,18.08118081180812
937,Vodafone,4G,Indoor,Tamil Nadu,13.840399002493768,78.55361596009975,7.605985037406484
938,Vodafone,4G,Indoor,Telangana,1.0920436817472698,97.50390015600624,1.4040561622464902
939,Vodafone,4G,Indoor,Tripura,0.0,85.71428571428571,14.285714285714285
940,Vodafone,4G,Indoor,Uttar Pradesh,9.19931856899489,75.21294718909711,15.587734241908006
941,Vodafone,4G,Indoor,Uttarakhand,26.82926829268293,9.75609756097561,63.414634146341456
942,Vodafone,4G,Indoor,West Bengal,3.963553530751709,78.81548974943053,17.220956719817767
943,Vodafone,4G,Outdoor,Andhra Pradesh,6.666666666666668,80.0,13.333333333333336
944,Vodafone,4G,Outdoor,Assam,0.0,0.0,100.0
945,Vodafone,4G,Outdoor,Bihar,0.0,100.0,0.0
946,Vodafone,4G,Outdoor,Chandigarh,50.0,25.0,25.0
947,Vodafone,4G,Outdoor,Chattisgarh,50.0,50.0,0.0
948,Vodafone,4G,Outdoor,Dadra and Nagar Haveli,0.0,0.0,100.0
949,Vodafone,4G,Outdoor,Daman and Diu,0.0,0.0,100.0
950,Vodafone,4G,Outdoor,Delhi,2.964959568733154,59.56873315363881,37.46630727762803
951,Vodafone,4G,Outdoor,Goa,0.0,66.66666666666666,33.33333333333333
952,Vodafone,4G,Outdoor,Gujarat,5.7142857142857135,77.46031746031747,16.825396825396822
953,Vodafone,4G,Outdoor,Haryana,16.393442622950822,59.016393442622956,24.590163934426233
954,Vodafone,4G,Outdoor,Himachal Pradesh,0.0,100.0,0.0
955,Vodafone,4G,Outdoor,Karnataka,10.16949152542373,58.64406779661017,31.186440677966104
956,Vodafone,4G,Outdoor,Kerala,0.9416195856873822,96.42184557438793,2.6365348399246704
957,Vodafone,4G,Outdoor,Madhya Pradesh,0.0,90.9090909090909,9.090909090909092
958,Vodafone,4G,Outdoor,Maharashtra,8.793103448275861,52.06896551724138,39.137931034482754
959,Vodafone,4G,Outdoor,Meghalaya,0.0,100.0,0.0
960,Vodafone,4G,Outdoor,Odisha,11.111111111111109,44.444444444444436,44.444444444444436
961,Vodafone,4G,Outdoor,Punjab,21.621621621621625,67.56756756756756,10.810810810810812
962,Vodafone,4G,Outdoor,Rajasthan,7.272727272727272,62.72727272727274,30.0
963,Vodafone,4G,Outdoor,Tamil Nadu,4.140127388535031,82.16560509554141,13.694267515923569
964,Vodafone,4G,Outdoor,Telangana,0.0,61.53846153846154,38.46153846153847
965,Vodafone,4G,Outdoor,Tripura,0.0,100.0,0.0
966,Vodafone,4G,Outdoor,Uttar Pradesh,6.829268292682928,69.7560975609756,23.414634146341466
967,Vodafone,4G,Outdoor,Uttarakhand,17.647058823529417,17.647058823529417,64.70588235294117
968,Vodafone,4G,Outdoor,West Bengal,4.411764705882354,76.17647058823529,19.411764705882355
969,Vodafone,4G,Travelling,Andhra Pradesh,0.0,75.0,25.0
970,Vodafone,4G,Travelling,Assam,0.0,100.0,0.0
971,Vodafone,4G,Travelling,Bihar,0.0,50.0,50.0
972,Vodafone,4G,Travelling,Chattisgarh,0.0,75.0,25.0
973,Vodafone,4G,Travelling,Delhi,7.6923076923076925,57.14285714285714,35.164835164835175
974,Vodafone,4G,Travelling,Goa,0.0,100.0,0.0
975,Vodafone,4G,Travelling,Gujarat,2.0161290322580645,92.74193548387095,5.241935483870968
976,Vodafone,4G,Travelling,Haryana,1.3157894736842104,71.05263157894737,27.631578947368425
977,Vodafone,4G,Travelling,Himachal Pradesh,0.0,100.0,0.0
978,Vodafone,4G,Travelling,Jharkhand,100.0,0.0,0.0
979,Vodafone,4G,Travelling,Karnataka,2.638522427440633,92.34828496042215,5.013192612137203
980,Vodafone,4G,Travelling,Kerala,4.166666666666666,91.66666666666666,4.166666666666666
981,Vodafone,4G,Travelling,Madhya Pradesh,25.0,62.5,12.5
982,Vodafone,4G,Travelling,Maharashtra,3.15284441398218,47.08704592186429,49.760109664153525
983,Vodafone,4G,Travelling,Meghalaya,0.0,100.0,0.0
984,Vodafone,4G,Travelling,Odisha,50.0,50.0,0.0
985,Vodafone,4G,Travelling,Punjab,14.285714285714285,85.71428571428571,0.0
986,Vodafone,4G,Travelling,Rajasthan,5.847953216374267,87.13450292397661,7.0175438596491215
987,Vodafone,4G,Travelling,Tamil Nadu,1.1049723756906076,90.60773480662985,8.287292817679559
988,Vodafone,4G,Travelling,Telangana,7.894736842105262,81.57894736842105,10.526315789473683
989,Vodafone,4G,Travelling,Uttar Pradesh,5.084745762711865,47.45762711864407,47.45762711864407
990,Vodafone,4G,Travelling,Uttarakhand,40.0,0.0,60.0
991,Vodafone,4G,Travelling,West Bengal,4.919908466819222,78.94736842105263,16.132723112128147
